"","train","X","Y","Green8_5","Red8_5","Red.Edge8_5","NIR8_5","NDVI8_5","DSM8_5","StdVegHeight8_5","Green7_12","Red7_12","Red.Edge7_12","NIR7_12","NDVI7_12","DSM7_12","StdVegHeight7_12"
"1",2,306967.2186,4994499.1371,0.0748777,0.0596834,0.1779547,0.2117595,0.574494,178.6463165,0.0056167,0.0283175,0.0184736,0.0381164,0.0451607,0.574494,178.6463165,0.00454
"2",4,306824.8495,4994460.6415,0.0460903,0.0282292,0.1605051,0.2362031,0.8060777,179.3484192,0.0228328,0.0538526,0.03436,0.1405372,0.194305,0.8060777,179.3484192,0.0064746
"3",2,306929.6361,4994524.437,0.0871343,0.073161,0.2173692,0.256121,0.5207849,178.9282227,0.0042509,0.0417029,0.0283829,0.0873217,0.1070656,0.5207849,178.9282227,0.00214
"4",1,306793.4735,4994421.6227,0.0901591,0.0730917,0.1638149,0.1967591,0.5225898,178.9633179,0.0046576,0.0847882,0.0605423,0.1860489,0.2447335,0.5225898,178.9633179,0.0080005
"5",1,306859.5419,4994513.0049,0.0891566,0.0663849,0.2147332,0.2610587,0.5727568,179.1444855,0.0069071,0.1333101,0.0944201,0.3209763,0.4001498,0.5727568,179.1444855,0.0054928
"6",2,306825.6204,4994454.3632,0.0937364,0.0695049,0.257993,0.3239393,0.61141,179.159256,0.0074246,0.1425319,0.1112343,0.3563309,0.4439825,0.61141,179.159256,0.0126131
"7",3,306895.5874,4994460.4671,0.0516423,0.0377073,0.1087543,0.1252351,0.5247927,179.0354156,0.0017864,0.0202425,0.0085328,0.023248,0.0257845,0.5247927,179.0354156,0.0064086
"8",1,306683.0755,4994445.6489,0.1083772,0.0617518,0.2819822,0.3459664,0.6305961,177.557373,0.0047241,0.1133431,0.0783725,0.2738776,0.3230211,0.6305961,177.557373,0.0038795
"9",2,306710.7307,4994456.1245,0.1269307,0.1041688,0.3536976,0.4160736,0.5853735,178.1212158,0.007702,0.1686379,0.1127626,0.3837557,0.4746091,0.5853735,178.1212158,0.002712
"10",4,306729.5759,4994516.6354,0.0540014,0.0277894,0.149658,0.2394112,0.7285885,178.6708069,6.9e-06,0.0837579,0.052758,0.1818538,0.2649503,0.7285885,178.6708069,0.0136789
"11",4,306783.2204,4994527.709,0.0741271,0.0531269,0.1804976,0.2271987,0.6512697,178.9551697,0.0058954,0.0595608,0.0348097,0.1506705,0.1822212,0.6512697,178.9551697,0.0178853
"12",2,306882.2469,4994495.0081,0.1299457,0.0973765,0.3457682,0.4174369,0.6604193,179.2722473,0.0034783,0.1548268,0.1229184,0.4046744,0.4721356,0.6604193,179.2722473,0.0091847
"13",1,306830.8457,4994506.926,0.0881412,0.0658743,0.1926106,0.2289628,0.5545663,178.9920044,0.0087205,0.10034,0.0834614,0.2284717,0.2859572,0.5545663,178.9920044,0.0327979
"14",4,306795.1927,4994506.2516,0.0388469,0.023374,0.1345792,0.2414907,0.8232513,179.4311218,0.0065474,0.0465566,0.0305608,0.119756,0.1935065,0.8232513,179.4311218,0.0109841
"15",4,306838.6344,4994479.7785,0.0512522,0.031689,0.1598312,0.260279,0.7925747,179.7737274,0.0131003,0.0501553,0.0309338,0.1601056,0.2483493,0.7925747,179.7737274,0.0116885
"16",4,307008.8272,4994503.9103,0.0326101,0.0148238,0.0864445,0.1749952,0.8414664,179.5781403,0.0048564,0.0423188,0.0298451,0.1540067,0.2952111,0.8414664,179.5781403,0.0336955
"18",4,306705.4693,4994518.2964,0.0743986,0.0475909,0.1963372,0.2528342,0.7145354,178.0241699,0.0053441,0.102837,0.0662448,0.2495119,0.3172824,0.7145354,178.0241699,0.0279402
"19",1,306881.6464,4994547.5497,0.0847171,0.0742244,0.1908265,0.2960145,0.661338,179.8808899,0.0290346,0.0940138,0.1032016,0.1548395,0.2251851,0.661338,179.8808899,0.0118487
"20",4,306832.798,4994499.0177,0.0479487,0.028651,0.1562354,0.2642915,0.8025249,179.6025848,0.0244783,0.049193,0.0344259,0.1233768,0.187018,0.8025249,179.6025848,0.0096059
"21",4,306789.0726,4994548.355,0.0615618,0.0456563,0.166348,0.2474216,0.7730603,179.6500549,0.0470892,0.0705119,0.0566663,0.1667293,0.2460353,0.7730603,179.6500549,0.0123677
"22",3,306858.047,4994473.0224,0.0678311,0.0387504,0.1517197,0.1690581,0.6006505,179.0730896,0.0034741,0.0626505,0.0406096,0.1225235,0.1498443,0.6006505,179.0730896,0.0061215
"23",2,306828.7698,4994434.8135,0.077621,0.0731604,0.162339,0.1938178,0.426257,179.0961456,0.005737,0.105273,0.0867557,0.2319419,0.2748246,0.426257,179.0961456,0.0052978
"24",4,306769.378,4994540.0598,0.0582699,0.0373748,0.165731,0.2549954,0.7538713,179.3722687,0.0080995,0.0659775,0.0575114,0.1436408,0.2020718,0.7538713,179.3722687,0.0060189
"25",4,306756.1043,4994497.8637,0.0556493,0.0352668,0.1712966,0.2896304,0.7784778,179.1756744,0.0093854,0.0489944,0.0315046,0.1216155,0.205771,0.7784778,179.1756744,0.0228022
"26",2,306803.0463,4994448.5734,0.0903021,0.0708813,0.2251737,0.2744998,0.5471549,179.0970306,0.0035532,0.1062921,0.0852469,0.2369535,0.2814941,0.5471549,179.0970306,0.001673
"27",2,306894.7012,4994504.5607,0.0911976,0.0776229,0.1634125,0.1939336,0.386919,179.0682678,0.0036122,0.0427974,0.0289449,0.0815951,0.0989532,0.386919,179.0682678,0.0016178
"28",2,306968.5622,4994513.7233,0.0881257,0.0709443,0.2264574,0.2544664,0.5313118,178.5509033,0.0088237,0.1123641,0.1048084,0.3071353,0.3776699,0.5313118,178.5509033,0.0074942
"29",2,306958.0202,4994498.8189,0.1083587,0.1068679,0.2660615,0.3367329,0.4732809,178.7755432,0.0036872,0.0772815,0.068412,0.191291,0.2316119,0.4732809,178.7755432,0.0045067
"30",2,306878.2937,4994541.9224,0.0959489,0.1111376,0.1601372,0.2172057,0.3189673,179.7216644,0.017671,0.078409,0.0870044,0.1482776,0.2114244,0.3189673,179.7216644,0.0174842
"31",1,306780.9335,4994529.659,0.0883993,0.0604096,0.2579268,0.3722676,0.7272809,179.27948,0.0084294,0.0655778,0.0415033,0.1805215,0.2720833,0.7272809,179.27948,0.0055455
"32",3,306919.1999,4994491.7649,0.0363457,0.02312,0.0605818,0.0714673,0.4261889,178.9917755,0.0051321,0.0239541,0.0116019,0.026774,0.031111,0.4261889,178.9917755,0.0175471
"33",2,306877.0439,4994525.3069,0.1422447,0.1128461,0.3584307,0.4463614,0.5939528,179.1775818,0.0095386,0.1339525,0.1241388,0.3297673,0.4158849,0.5939528,179.1775818,0.0185044
"34",4,306803.4552,4994541.5313,0.0711046,0.0519489,0.183446,0.2813936,0.6665514,179.0992889,0.0156998,0.0664453,0.0569465,0.1474866,0.2239394,0.6665514,179.0992889,0.0035235
"35",4,306786.7863,4994535.1615,0.0504653,0.0365174,0.1505489,0.2544031,0.7123264,179.6426697,0.0162455,0.0495351,0.0329952,0.1583817,0.273947,0.7123264,179.6426697,0.0006795
"36",1,306878.5725,4994466.9182,0.0780977,0.0543654,0.1550789,0.1790759,0.4743331,179.1645203,0.0015557,0.057284,0.0449539,0.1265107,0.1365296,0.4743331,179.1645203,0.0042004
"37",4,306805.8873,4994547.8998,0.0632496,0.042489,0.1771259,0.274569,0.736639,179.2703247,0.0088153,0.0613127,0.0504919,0.1473377,0.2105207,0.736639,179.2703247,0.0351625
"38",4,306812.8191,4994548.5107,0.0610387,0.0411232,0.1954122,0.3175275,0.7310345,179.4081116,0.0115631,0.0508811,0.0335921,0.1420858,0.2208988,0.7310345,179.4081116,0.0063702
"39",2,306742.0059,4994514.9387,0.1017894,0.0852517,0.2473029,0.3241798,0.611909,178.7520142,0.0068543,0.0909045,0.0700233,0.2139626,0.2933194,0.611909,178.7520142,0.0029644
"40",1,306785.1781,4994418.7986,0.0683531,0.0519831,0.0985636,0.1242519,0.3962032,179.1173096,0.0037424,0.0643407,0.0409747,0.1098139,0.1647436,0.3962032,179.1173096,0.0161739
"41",1,306778.335,4994529.3682,0.0822266,0.0476127,0.2095835,0.2834545,0.7495905,179.1564178,0.0026247,0.1028293,0.0701845,0.2755997,0.3423701,0.7495905,179.1564178,0.0026034
"42",1,306694.7676,4994441.8145,0.0772831,0.0534458,0.1695722,0.1903919,0.5253986,178.0650024,0.0013713,0.0258552,0.0175157,0.0220599,0.0253968,0.5253986,178.0650024,0.0032703
"43",2,306751.9135,4994459.5322,0.0931682,0.0770029,0.2412005,0.3089599,0.574315,179.2179413,0.047646,0.1176717,0.09162,0.2822326,0.3494697,0.574315,179.2179413,0.0139851
"44",3,306671.9764,4994387.9521,0.0432823,0.032337,0.0771037,0.0820671,0.2603878,177.578476,0.0064405,0.0400176,0.0295643,0.0883371,0.0998358,0.2603878,177.578476,0.0094294
"45",2,306752.2275,4994450.3608,0.0813858,0.0642815,0.1128094,0.1283404,0.3958503,178.6129303,0.0058884,0.0492385,0.0393337,0.1036422,0.1288639,0.3958503,178.6129303,0.002093
"46",1,306841.7808,4994495.1165,0.0784663,0.0462001,0.2389407,0.3626831,0.7534634,179.609375,0.0259987,0.0518049,0.0289381,0.1567391,0.2645954,0.7534634,179.609375,0.0077945
"47",1,306971.4152,4994527.0879,0.0900096,0.0738658,0.1130013,0.1372504,0.865853,179.8201294,0.0455966,0.1006824,0.1008226,0.1858476,0.2422756,0.865853,179.8201294,0.0636715
"48",3,306974.8136,4994503.896,0.0602145,0.0436514,0.1243141,0.13365,0.5713379,178.7038879,0.0024491,0.0941736,0.0798552,0.2419943,0.2586006,0.5713379,178.7038879,0.0034884
"49",2,306896.1461,4994536.5023,0.1353024,0.1196448,0.3378408,0.4146844,0.5681706,178.9447784,0.0012398,0.0997384,0.0867873,0.2587552,0.3343537,0.5681706,178.9447784,0.00253
"50",4,306668.5366,4994473.1773,0.0573281,0.0432677,0.1345076,0.2202815,0.6373122,178.1575165,0.011465,0.0582031,0.0450086,0.1347777,0.2093344,0.6373122,178.1575165,0.0157678
"51",2,306860.1641,4994551.4809,0.0544504,0.0378423,0.1587617,0.2542582,0.7365025,179.6209106,0.0232212,0.0647567,0.0509627,0.1406269,0.2045801,0.7365025,179.6209106,0.0396605
"52",2,306889.9507,4994493.0343,0.0968178,0.0874167,0.2272381,0.260942,0.4937546,178.9977417,0.0021848,0.0797358,0.0666565,0.1616945,0.1810522,0.4937546,178.9977417,0.0068699
"53",1,306945.5913,4994530.7443,0.0819863,0.0403246,0.3245501,0.4376695,0.7675604,179.1317444,0.013144,0.1038977,0.0587564,0.3123148,0.42308,0.7675604,179.1317444,0.0360635
"54",2,306779.2466,4994453.3987,0.1009959,0.0828702,0.2437847,0.2904239,0.5634339,178.95047,0.0175995,0.1323252,0.1029515,0.3101389,0.3825509,0.5634339,178.95047,0.0039258
"55",1,306866.8927,4994514.2839,0.0972669,0.071192,0.2404215,0.2981887,0.654497,179.2075653,0.0002435,0.1163001,0.1027151,0.2823433,0.3553502,0.654497,179.2075653,0.0132836
"56",2,306927.1126,4994543.7049,0.0786884,0.0872462,0.1230969,0.1579527,0.3434781,179.2328796,0.0146043,0.0744007,0.092464,0.1208863,0.153639,0.3434781,179.2328796,0.0023763
"57",4,306889.519,4994552.5083,0.0632303,0.0344085,0.2229773,0.3728814,0.84324,180.539093,0.0367409,0.0731231,0.0386512,0.2193501,0.3334496,0.84324,180.539093,0.0453912
"58",3,306910.4382,4994495.3497,0.033293,0.024667,0.0448146,0.058562,0.3672875,178.9538116,0.0021235,0.0201092,0.0095012,0.0162654,0.0199293,0.3672875,178.9538116,0.0055441
"59",2,306859.2368,4994430.3573,0.0739338,0.0628211,0.132409,0.1696749,0.4629866,178.9690094,0.0048004,0.0167771,0.0065988,0.0169151,0.0208614,0.4629866,178.9690094,0.0005405
"60",1,306901.2059,4994515.5752,0.0745021,0.0706243,0.1443706,0.1717641,0.4525118,179.1344757,0.0041243,0.0812951,0.0745955,0.1865462,0.2043771,0.4525118,179.1344757,0.0029313
"61",4,306711.3207,4994489.9144,0.0693227,0.0413643,0.177649,0.2536011,0.7635643,178.6765594,0.0160609,0.047398,0.0250233,0.1529681,0.2820311,0.7635643,178.6765594,0.0036831
"62",1,306718.6257,4994507.7697,0.0830853,0.0481812,0.1773609,0.2356887,0.6969702,178.2045135,0.0034023,0.0827138,0.057144,0.1833446,0.2253931,0.6969702,178.2045135,0.0033845
"63",4,306825.247,4994504.0335,0.0444454,0.0300026,0.1493593,0.2674668,0.8034279,179.6442261,0.008171,0.048432,0.0283617,0.1356765,0.2315164,0.8034279,179.6442261,0.0124228
"64",4,306829.0138,4994501.2684,0.0689736,0.0415329,0.206185,0.2995831,0.7525818,179.6082916,0.0149139,0.0444014,0.025809,0.1217037,0.1954955,0.7525818,179.6082916,0.0087343
"65",3,307011.3642,4994495.8026,0.0696409,0.0558314,0.1170706,0.1770027,0.3877465,178.1662292,0.0092453,0.1469377,0.1458912,0.3826807,0.5343915,0.3877465,178.1662292,0.0328286
"66",3,306726.5508,4994500.7163,0.0465971,0.0332743,0.0499452,0.0798592,0.6383562,178.2679596,0.0075826,0.0804093,0.0576898,0.1734056,0.213378,0.6383562,178.2679596,0.0092799
"67",3,306652.1177,4994416.2846,0.0705948,0.0392496,0.134554,0.1783968,0.6263912,177.3925934,0.0044143,0.0820495,0.0467028,0.1954815,0.2229513,0.6263912,177.3925934,0.0108797
"68",4,306687.4351,4994470.2986,0.0526572,0.0321009,0.134356,0.1929224,0.7812728,178.4282074,0.0099634,0.0504092,0.0314833,0.1536088,0.2319177,0.7812728,178.4282074,0.009078
"70",3,306957.4895,4994504.71,0.0812516,0.0632212,0.194898,0.2347756,0.4732558,178.7549286,0.0021844,0.0756845,0.0623757,0.1713186,0.206039,0.4732558,178.7549286,0.0118543
"71",2,306715.9201,4994418.758,0.0981624,0.0832863,0.2001223,0.2364338,0.4889877,178.169281,0.0054281,0.0651306,0.0468595,0.167672,0.2069507,0.4889877,178.169281,0.0009621
"72",4,306736.8544,4994516.9049,0.0751351,0.0540211,0.2189581,0.3349429,0.7204059,178.7253571,0.0051479,0.0876817,0.0606862,0.2216748,0.3232308,0.7204059,178.7253571,0.005598
"73",2,306869.5253,4994443.6892,0.0863095,0.0769846,0.1807375,0.2141247,0.4664568,179.1144562,0,0.0293576,0.0152644,0.0446552,0.0509593,0.4664568,179.1144562,0.0167388
"74",2,306795.2971,4994446.1766,0.1093224,0.07448,0.207087,0.25707,0.4254836,179.06604,0.0028158,0.1047836,0.0871911,0.2372078,0.2813257,0.4254836,179.06604,0.0027108
"75",2,306887.1657,4994499.6239,0.1244722,0.1166977,0.3180895,0.3853672,0.5228899,178.9168243,0.0048184,0.1153486,0.0913769,0.2946542,0.3348046,0.5228899,178.9168243,0.0046771
"76",4,306852.057,4994558.9587,0.0895294,0.0413048,0.3345478,0.5042759,0.8649458,179.9671478,0.0050833,0.0929884,0.0541356,0.2620116,0.369945,0.8649458,179.9671478,0.0227874
"77",4,306877.4989,4994536.3339,0.0553567,0.036693,0.146778,0.2437082,0.7311185,179.7173309,0.0168021,0.0600403,0.0451837,0.153547,0.2267912,0.7311185,179.7173309,0.0180708
"78",2,306725.7553,4994489.9576,0.0592718,0.0361089,0.1735095,0.2778865,0.7155129,178.4796906,0.0038233,0.095476,0.0700907,0.2295448,0.3085578,0.7155129,178.4796906,0.0110244
"79",2,306912.9899,4994527.2565,0.1018178,0.0873934,0.2487064,0.2977518,0.6296763,179.0942078,0.0020747,0.1469104,0.1195334,0.3392109,0.4189672,0.6296763,179.0942078,0.0014171
"80",2,306973.6884,4994515.9535,0.127554,0.1259263,0.3975098,0.4633845,0.5738035,178.6306305,0.0024743,0.1251997,0.116684,0.3832119,0.4594674,0.5738035,178.6306305,0.0074822
"81",4,306767.8527,4994538.3873,0.0522368,0.0405737,0.1233114,0.1860016,0.6699824,179.4794159,0.0304532,0.05291,0.0383825,0.1238972,0.1903148,0.6699824,179.4794159,0.0158229
"82",4,306662.8668,4994482.3103,0.0686164,0.0444538,0.1501488,0.2490184,0.6631842,177.8609314,0.0055215,0.0751215,0.0474519,0.1488168,0.2308571,0.6631842,177.8609314,0.0210721
"83",3,306901.8952,4994507.8752,0.0534608,0.0383927,0.0859326,0.0908957,0.4073687,179.0579224,0.0021904,0.0274684,0.0153284,0.0318292,0.0354437,0.4073687,179.0579224,0.0012991
"84",4,306831.5431,4994470.0432,0.0676973,0.0405495,0.1584708,0.2395099,0.7205749,181.2570953,0.0226983,0.0779757,0.0340418,0.2377384,0.3117553,0.7205749,181.2570953,0.1301877
"85",4,306751.9649,4994539.0071,0.0731977,0.0428705,0.2461085,0.3632575,0.8082833,179.6497192,0.0614302,0.0747236,0.0492967,0.2129481,0.3052315,0.8082833,179.6497192,0.0146433
"86",2,306763.6662,4994428.6647,0.1014711,0.0889178,0.1770517,0.2134332,0.357403,178.6065521,0.0079872,0.0461216,0.0300951,0.1251137,0.1091441,0.357403,178.6065521,0.0099731
"87",2,306851.0894,4994533.4662,0.122288,0.0851042,0.3294955,0.432763,0.6852952,179.2846222,0.0050878,0.1366291,0.1129343,0.3123411,0.3969734,0.6852952,179.2846222,0.0073444
"88",2,306689.7865,4994496.0674,0.1136423,0.072726,0.2473161,0.314459,0.5670982,177.7345276,0.0052682,0.085889,0.0603914,0.2284871,0.2564853,0.5670982,177.7345276,0.0102011
"89",3,306786.0992,4994437.9217,0.0452477,0.0341466,0.0705573,0.0829427,0.409293,178.9328918,0.0155427,0.037412,0.022656,0.0552586,0.073117,0.409293,178.9328918,0.0039167
"90",4,306718.8923,4994476.1234,0.0474549,0.0343564,0.1207003,0.1805294,0.7063416,180.9173889,0.2652579,0.0814966,0.0440838,0.2285871,0.3342209,0.7063416,180.9173889,0.3057865
"91",4,306751.0221,4994524.9424,0.060399,0.0439613,0.1558826,0.2333025,0.7109371,179.5164337,0.0053103,0.0508348,0.0340826,0.1252298,0.2062605,0.7109371,179.5164337,0.0030461
"92",4,306791.381,4994546.2367,0.0594095,0.0448055,0.1669472,0.245967,0.7038811,179.3511658,0.012307,0.0688413,0.0584406,0.1469193,0.2299501,0.7038811,179.3511658,0.0100096
"93",3,306832.8949,4994527.2349,0.0514971,0.0296714,0.0603493,0.069579,0.430171,178.9178772,0.0045117,0.0506205,0.0318028,0.1103364,0.1309609,0.430171,178.9178772,0.0132502
"94",4,306847.8856,4994549.8012,0.0468475,0.0358433,0.1280576,0.2274718,0.7764214,180.021759,0.0208859,0.0470873,0.0319314,0.1331265,0.2286013,0.7764214,180.021759,0.0043288
"96",2,306798.5502,4994436.7374,0.082134,0.0677117,0.1863628,0.2370198,0.5388533,179.0106201,0.0030537,0.0260815,0.0137523,0.0350144,0.0412568,0.5388533,179.0106201,0.0020108
"97",2,306881.3682,4994468.9837,0.0962745,0.0905612,0.2247936,0.2647887,0.5001361,179.1000214,0.000989,0.0870326,0.0750382,0.2049864,0.2372073,0.5001361,179.1000214,0.0015905
"98",1,306642.015,4994495.6126,0.0809951,0.0503907,0.1654215,0.2181077,0.5431862,177.2288513,7.4e-06,0.1240555,0.0872149,0.2665046,0.3745599,0.5431862,177.2288513,0.0159764
"99",1,306718.205,4994516.8394,0.0969907,0.0701278,0.2345054,0.314709,0.5765125,178.3455658,0.0076721,0.1066896,0.0798499,0.2320185,0.2901193,0.5765125,178.3455658,0.0005294
"100",2,306779.3848,4994418.4968,0.0919452,0.0717609,0.212292,0.2548067,0.5053474,178.9036102,0.0065844,0.0908427,0.0741825,0.1986062,0.2382492,0.5053474,178.9036102,0.0009298
"101",2,306804.1072,4994427.6502,0.0942255,0.0835421,0.1692961,0.1955856,0.4049015,179.0056458,0.0020976,0.0641198,0.0488798,0.1150377,0.1280124,0.4049015,179.0056458,0.0053473
"102",2,306715.5434,4994503.392,0.1093018,0.0741268,0.2494056,0.2908095,0.4786214,178.2035522,0.0044375,0.0285359,0.019758,0.0274425,0.0399002,0.4786214,178.2035522,0.014889
"103",3,306808.969,4994532.3111,0.054118,0.0348781,0.0737569,0.085761,0.4648369,178.7445068,0.0011981,0.0444783,0.0251469,0.0630054,0.0772068,0.4648369,178.7445068,0.0011074
"104",2,306927.8221,4994493.4909,0.1318341,0.0895776,0.325704,0.3930636,0.6185712,179.0116425,0.002449,0.086528,0.0481728,0.1706405,0.2514966,0.6185712,179.0116425,0.004394
"105",1,306715.4618,4994451.8562,0.0851619,0.0716335,0.2225605,0.2644297,0.5526723,178.1517334,0.0042672,0.052199,0.0401948,0.0962817,0.1179593,0.5526723,178.1517334,0.0119236
"106",4,306933.7893,4994531.9053,0.0934735,0.0545145,0.2220519,0.297552,0.4736898,178.9967957,0.0041056,0.12281,0.078063,0.3091532,0.3864007,0.4736898,178.9967957,0.0098047
"107",2,306918.1661,4994524.3229,0.0785425,0.0599902,0.1730892,0.2215792,0.5135181,179.0258026,0.0009859,0.1187539,0.1031209,0.3002601,0.3559786,0.5135181,179.0258026,0.0022316
"108",1,306846.7419,4994481.0787,0.0701219,0.051498,0.1485284,0.1909062,0.5851018,179.3606567,0.0228441,0.0454452,0.0246795,0.0725076,0.0983981,0.5851018,179.3606567,0.0008283
"109",2,306854.3051,4994432.1505,0.090892,0.0851054,0.1837699,0.2096739,0.4312585,178.9582825,0.0003246,0.0226925,0.0108321,0.0274224,0.0288358,0.4312585,178.9582825,0.013212
"110",1,306723.6422,4994449.537,0.1100547,0.0743769,0.2991053,0.3549894,0.6881549,178.4305878,0.0042232,0.1078781,0.0665702,0.3186152,0.3620496,0.6881549,178.4305878,0.0027692
"111",2,306749.3835,4994459.7142,0.0983285,0.0835947,0.2579716,0.3260514,0.6112965,179.0327606,0.0520315,0.1451279,0.1104628,0.3386278,0.4094329,0.6112965,179.0327606,0.0107147
"112",2,306909.4582,4994519.9505,0.085314,0.0721269,0.2002394,0.2334016,0.4271466,179.1247253,0.0027214,0.0363893,0.0222934,0.0537665,0.0638596,0.4271466,179.1247253,0.0082241
"113",4,306683.5668,4994507.4012,0.0640711,0.0400683,0.1382808,0.2035729,0.7008289,178.0149536,0.0133388,0.103886,0.0639928,0.2643267,0.3333288,0.7008289,178.0149536,0.0078701
"114",3,306836.3574,4994415.9947,0.0196596,0.0093106,0.0289268,0.0344452,0.5819285,178.8515778,0,0.013339,0.0035582,0.0128978,0.01629,0.5819285,178.8515778,0.1290957
"115",1,306658.0797,4994485.7178,0.0915156,0.0619725,0.1981693,0.2771154,0.6616162,177.7164612,0.0268906,0.1016853,0.0689946,0.1978933,0.2895211,0.6616162,177.7164612,0.0135584
"116",1,306841.4956,4994531.1181,0.0672221,0.0539255,0.1421471,0.1863732,0.4471797,179.1045227,0.006876,0.0302813,0.018462,0.0336724,0.0390191,0.4471797,179.1045227,0.0065669
"118",2,306866.423,4994445.7077,0.0931123,0.085628,0.2140389,0.2748709,0.5042279,179.0127258,0.0050479,0.0260524,0.0145131,0.0332167,0.0381284,0.5042279,179.0127258,0.0118139
"119",4,306912.1876,4994548.7758,0.0562666,0.0405368,0.1643627,0.2480256,0.6727199,179.6555634,0.0279152,0.0544701,0.0475013,0.1370915,0.1938811,0.6727199,179.6555634,0.0098319
"120",2,306891.2921,4994481.32,0.0574903,0.0488361,0.118652,0.139669,0.4392079,179.0422211,0.0021249,0.0518557,0.0401729,0.0914332,0.1153622,0.4392079,179.0422211,0.0015211
"121",1,306715.8961,4994495.6402,0.0897237,0.0510511,0.2200172,0.2799814,0.7029267,178.2155609,0.0112823,0.0775434,0.0513863,0.1690356,0.2271014,0.7029267,178.2155609,0.0209668
"122",4,306747.8567,4994521.6391,0.0537317,0.0397655,0.1457329,0.2362691,0.7434351,179.2948303,0.0209975,0.0632393,0.0528515,0.1515544,0.2383267,0.7434351,179.2948303,0.0101024
"123",4,306825.3728,4994542.5303,0.0553779,0.0294009,0.1485298,0.256245,0.7936526,179.1309662,0.0325233,0.088281,0.0576142,0.1995705,0.2613677,0.7936526,179.1309662,0.0160519
"124",2,306847.7283,4994535.3546,0.0985635,0.0898701,0.2393509,0.2985865,0.5248097,179.1760254,0.0109116,0.0751392,0.0580426,0.1875495,0.2378557,0.5248097,179.1760254,0.0043215
"125",2,306967.1056,4994477.799,0.1215217,0.1037312,0.2910611,0.3667904,0.5979535,178.7897339,0.0146965,0.1514032,0.1238785,0.3261747,0.4022528,0.5979535,178.7897339,0.0001964
"126",4,306869.2248,4994549.9059,0.0572105,0.0412461,0.1629941,0.2597528,0.7924767,179.9166718,0.0152801,0.0637736,0.0580297,0.1339573,0.1985092,0.7924767,179.9166718,0.0058339
"128",2,306882.4837,4994490.7113,0.1298591,0.1161176,0.3390765,0.3966219,0.5443499,179.1760864,0.0085139,0.1351115,0.1110118,0.322569,0.4007163,0.5443499,179.1760864,0.0055011
"129",2,306933.2358,4994541.0118,0.1022991,0.1080479,0.185405,0.2281649,0.4550718,179.2249908,0.012815,0.10561,0.1115588,0.1714517,0.2117227,0.4550718,179.2249908,0.024316
"130",4,306805.9037,4994504.1881,0.0364087,0.0206538,0.0930327,0.1581391,0.780926,179.9672241,0.0243548,0.0470004,0.0335859,0.1056653,0.156105,0.780926,179.9672241,0.0169858
"131",1,306878.8538,4994528.4263,0.0936376,0.0557254,0.2718807,0.4168076,0.8161538,179.562912,0.0180841,0.1334154,0.0998014,0.3393796,0.4467056,0.8161538,179.562912,0.0033402
"132",4,306656.1249,4994439.2615,0.0802747,0.04049,0.2095118,0.3342759,0.7965883,178.2077637,0.0692839,0.0632467,0.0412098,0.1491317,0.2185646,0.7965883,178.2077637,0.0030052
"133",1,306735.6234,4994460.2791,0.0932429,0.0575614,0.2836549,0.3760175,0.7541593,179.0709229,0.05694,0.139613,0.1024612,0.3196737,0.3965204,0.7541593,179.0709229,0.0006483
"134",2,306884.5762,4994497.1969,0.1362067,0.1183475,0.3581371,0.4205032,0.5615987,179.1251373,0.0080879,0.1462274,0.1144261,0.3569594,0.4278308,0.5615987,179.1251373,0.0053606
"135",1,306739.412,4994445.8187,0.1117321,0.0724237,0.2420724,0.2894057,0.5860594,178.5872498,0.007212,0.0240704,0.0172998,0.020532,0.024603,0.5860594,178.5872498,0.00663
"136",3,306952.0261,4994509.4753,0.0478936,0.0328154,0.059217,0.0699539,0.3921678,178.7969818,0.0064795,0.0306035,0.0195218,0.04026,0.0544536,0.3921678,178.7969818,0.0035095
"137",2,306881.5526,4994449.5896,0.0942289,0.0878434,0.2148867,0.2543487,0.4384772,179.0386353,0.0027938,0.0565086,0.0437581,0.1162521,0.1270195,0.4384772,179.0386353,0.0028184
"138",2,306938.6766,4994526.6681,0.1158198,0.0902356,0.2904228,0.3227263,0.5699692,178.8273468,0.0036766,0.0618303,0.03989,0.1315756,0.1536643,0.5699692,178.8273468,0.0068096
"139",2,306933.6783,4994471.1393,0.0771726,0.0693234,0.1717006,0.2124392,0.5057949,178.8618011,0.0024258,0.0369343,0.0219271,0.0682061,0.0890811,0.5057949,178.8618011,0.0022667
"140",4,306763.1903,4994494.674,0.0517303,0.039424,0.1332311,0.2216754,0.6813017,179.2454834,0.0053959,0.0515955,0.0401154,0.1284223,0.20703,0.6813017,179.2454834,0.0085227
"141",2,306789.8452,4994423.0686,0.0841141,0.0775256,0.1826911,0.2187103,0.4409848,178.9748383,0.0030257,0.0750142,0.05574,0.1691597,0.2194447,0.4409848,178.9748383,0.0024685
"142",1,306670.005,4994441.9212,0.0780973,0.0417078,0.1864292,0.2480119,0.6223924,177.5472412,0.0021486,0.1081617,0.079885,0.2253492,0.2706784,0.6223924,177.5472412,0.0079009
"143",1,306702.873,4994501.6081,0.1095162,0.052233,0.2851125,0.368547,0.7413777,178.0317383,0.0121022,0.0880939,0.0604136,0.1740365,0.2542716,0.7413777,178.0317383,0.0035552
"144",1,306772.9151,4994536.939,0.0684551,0.0533472,0.1848246,0.3014124,0.7441189,179.2085571,0.0122358,0.059965,0.0440163,0.1357012,0.214472,0.7441189,179.2085571,0.0172297
"145",2,306823.5144,4994533.6049,0.0711291,0.0582051,0.1150524,0.1545222,0.4180187,178.9093323,0.0011299,0.0478506,0.0350012,0.1007682,0.1216983,0.4180187,178.9093323,0.0048782
"146",4,306761.1949,4994531.6618,0.0589484,0.0485676,0.135915,0.2155345,0.695169,179.5099182,0.0159631,0.0607268,0.0485582,0.1532199,0.2314064,0.695169,179.5099182,0.0131949
"147",4,306751.2462,4994515.7543,0.0775171,0.0486598,0.2119186,0.3149545,0.6940694,178.9221497,0.008216,0.094028,0.0645536,0.2376577,0.3325764,0.6940694,178.9221497,0.0048021
"148",4,306898.6635,4994552.7706,0.0597714,0.0343529,0.2087078,0.3357817,0.8273235,180.2246704,0.0364054,0.0782415,0.0509137,0.2029091,0.2706106,0.8273235,180.2246704,0.0204357
"149",3,306924.88,4994527.4301,0.0702904,0.0496709,0.1489012,0.1807107,0.5525809,178.8976746,0.0073762,0.0417609,0.0289118,0.0943292,0.1062072,0.5525809,178.8976746,0.0009941
"150",2,306767.2131,4994420.7127,0.1127962,0.0916057,0.2620817,0.3172275,0.4678656,178.6841431,0.0033648,0.0793783,0.0690973,0.1994217,0.1987042,0.4678656,178.6841431,0.0025754
"151",2,306837.1803,4994502.4754,0.1025314,0.0789063,0.2331913,0.2882275,0.5816874,179.2835388,0.0149491,0.0768487,0.0552532,0.1870219,0.2463559,0.5816874,179.2835388,0.0110491
"152",1,306695.3757,4994488.3342,0.0970857,0.0565304,0.2088027,0.2729595,0.621337,177.7286682,0.0046115,0.0562452,0.0389241,0.1046437,0.1292871,0.621337,177.7286682,0.0027375
"153",4,306729.7553,4994491.989,0.0534078,0.0333472,0.1242385,0.2057975,0.6334978,178.5536194,0.0159204,0.0769109,0.0540561,0.189241,0.2789192,0.6334978,178.5536194,0.0135932
"154",2,306702.2797,4994517.5932,0.0686412,0.0382701,0.1638754,0.215718,0.6979641,177.9679871,0.0083993,0.0829507,0.0425343,0.2007747,0.3070538,0.6979641,177.9679871,0.0195428
"155",3,306900.099,4994479.1848,0.0541246,0.0417225,0.1126582,0.1370034,0.4942006,179.0749817,0.0019438,0.0210553,0.0099906,0.0254503,0.0289037,0.4942006,179.0749817,0.0019841
"156",2,306871.0216,4994487.6204,0.1148702,0.1068803,0.2827718,0.324332,0.488985,179.1600647,0.0087039,0.097743,0.0579543,0.2316886,0.2518059,0.488985,179.1600647,0.0095562
"157",2,306693.9335,4994436.1694,0.0880028,0.0689237,0.1723388,0.1980183,0.6479554,177.943222,0.0062932,0.0850197,0.0608636,0.1869664,0.2220304,0.6479554,177.943222,0.0041054
"158",2,306735.5821,4994514.7918,0.1251671,0.1051593,0.3058194,0.3988635,0.6119735,178.7501678,0.0035138,0.0919095,0.0730821,0.2058992,0.2645978,0.6119735,178.7501678,0.012695
"159",4,306878.9055,4994554.082,0.0488826,0.0284706,0.1695278,0.3177767,0.8228245,179.9837036,0.0059797,0.05802,0.0530658,0.1341891,0.2186982,0.8228245,179.9837036,0.0146685
"160",2,306875.1608,4994500.2788,0.1309774,0.1372656,0.3557241,0.4240291,0.5258425,179.1224365,0.0043778,0.1364083,0.1236375,0.3346312,0.3835202,0.5258425,179.1224365,0
"161",2,306727.066,4994457.8315,0.1185275,0.0979285,0.2960693,0.3502748,0.5882767,178.4647369,0.0016329,0.1162102,0.076138,0.2939262,0.3626371,0.5882767,178.4647369,0.0039466
"163",1,306870.821,4994539.5988,0.067345,0.0628308,0.1381063,0.1995773,0.6297555,179.655365,0.0230551,0.0857605,0.097011,0.1337411,0.1865348,0.6297555,179.655365,0.0069331
"164",2,306894.6316,4994524.1825,0.0787007,0.0749842,0.1914123,0.2339281,0.5424354,179.0399628,0.0024615,0.0883683,0.076726,0.2535363,0.2931826,0.5424354,179.0399628,0.010039
"165",4,306908.581,4994545.9602,0.0538842,0.0368199,0.1573689,0.238287,0.7474333,179.4331055,0.01812,0.0573343,0.0468973,0.1304175,0.1832168,0.7474333,179.4331055,0.0240217
"166",2,306720.0556,4994455.7761,0.1176295,0.0745379,0.3182503,0.3916252,0.6725798,178.2947998,0.0022785,0.1457291,0.1073335,0.3552157,0.4247978,0.6725798,178.2947998,0.017467
"167",4,306844.9134,4994540.3255,0.0564844,0.040497,0.1762629,0.3225966,0.7500252,179.8809814,0.0142772,0.0907979,0.0551236,0.2542577,0.374044,0.7500252,179.8809814,0.0023812
"168",3,306685.0756,4994383.8015,0.0381155,0.0205456,0.0619079,0.0670234,0.436787,177.8174591,0.0055917,0.0449502,0.0288913,0.1051641,0.1210916,0.436787,177.8174591,0.0074268
"169",4,306925.7117,4994541.5514,0.0561504,0.0431726,0.1241397,0.1846387,0.5845254,179.5153046,0.0035827,0.0552458,0.0508592,0.1268506,0.1730748,0.5845254,179.5153046,0.0078175
"170",4,306693.2513,4994476.9442,0.0551568,0.0390299,0.1555657,0.2321991,0.6989763,178.1035767,0.036233,0.0611322,0.0496983,0.1406921,0.207524,0.6989763,178.1035767,0.0231024
"171",2,307007.674,4994456.6356,0.0482963,0.0397537,0.0495031,0.0591332,0.3680177,178.2678833,0.0149857,0.0273213,0.0119287,0.0193608,0.0219034,0.3680177,178.2678833,0.0232712
"172",1,306760.5135,4994440.0149,0.0846599,0.0656068,0.1777135,0.2043862,0.5361212,178.7281036,0.0012269,0.0584058,0.0389016,0.1026365,0.1211899,0.5361212,178.7281036,0.0005823
"173",2,306765.7576,4994445.8822,0.0656498,0.0523521,0.0953301,0.1049522,0.2067141,178.7466736,0.0263855,0.0238784,0.0164623,0.0237518,0.0279529,0.2067141,178.7466736,0.0030374
"174",2,306757.469,4994518.6298,0.0644823,0.0519055,0.1452898,0.1948324,0.6494365,178.9161224,0.0143274,0.086728,0.0518164,0.229389,0.2947872,0.6494365,178.9161224,0.0045431
"175",1,306648.618,4994480.928,0.0859971,0.0710224,0.1945954,0.2589021,0.5744447,177.2184448,0.0482352,0.0645795,0.0335198,0.1217275,0.1774025,0.5744447,177.2184448,0.0051544
"176",1,306696.9277,4994502.3904,0.0963382,0.0677941,0.2399228,0.2875665,0.6261723,177.8847656,0.0027514,0.0980835,0.0737395,0.2409923,0.3071031,0.6261723,177.8847656,0.0063006
"177",2,306682.7263,4994390.4585,0.0611929,0.0531751,0.1502901,0.1768237,0.5607738,177.6201782,0.0068743,0.0620829,0.0430259,0.1540775,0.1876574,0.5607738,177.6201782,0.0121744
"178",4,306875.8351,4994549.1614,0.0526117,0.0330968,0.1708315,0.2929345,0.8312322,180.1152496,0.0058745,0.0581082,0.0509789,0.1313103,0.1982604,0.8312322,180.1152496,0.0032469
"179",1,306695.9896,4994509.4695,0.0803789,0.0443427,0.2079198,0.2752633,0.7396076,177.9997711,0.0265899,0.0829636,0.0637163,0.1854972,0.2383105,0.7396076,177.9997711,0.0118683
"180",4,306738.5493,4994485.8028,0.0498987,0.0370145,0.1545458,0.2551896,0.7528262,179.1049957,0.0122185,0.0661236,0.0591526,0.1668996,0.2592714,0.7528262,179.1049957,0.0033788
"181",1,306720.133,4994459.6315,0.0930239,0.0559293,0.2730258,0.3675027,0.6302208,178.3800049,0.010111,0.1768389,0.1300477,0.412139,0.483415,0.6302208,178.3800049,0.0101699
"182",1,306704.2665,4994415.6481,0.0692121,0.0492719,0.155208,0.1959559,0.5507872,178.0265656,0.0039279,0.0400936,0.0260806,0.0756589,0.0925673,0.5507872,178.0265656,0.00403
"183",1,306713.2678,4994504.0486,0.0874831,0.0517893,0.2154416,0.2691624,0.6652604,178.1533508,0.0038434,0.0728665,0.0564405,0.1717661,0.2011481,0.6652604,178.1533508,0.0076572
"184",2,306766.7904,4994510.592,0.1359993,0.1033763,0.2637611,0.3180414,0.2673847,178.6967926,0.0034435,0.0286237,0.0248543,0.0263001,0.0321508,0.2673847,178.6967926,0.0022263
"185",2,307000.4879,4994502.0332,0.1270757,0.117039,0.3201907,0.3565158,0.4942474,178.378952,0.0019046,0.1393938,0.1052491,0.3080616,0.3482487,0.4942474,178.378952,0.0060681
"186",2,306848.7395,4994432.3182,0.0885363,0.0834088,0.1996723,0.2339363,0.4634522,179.075531,0.0018469,0.0251008,0.0122505,0.0353782,0.0400161,0.4634522,179.075531,0.0044644
"187",4,306837.2386,4994548.0799,0.0528066,0.0302108,0.162259,0.2558078,0.7981154,179.6365967,0.008561,0.0552106,0.0350693,0.1540074,0.2358373,0.7981154,179.6365967,0.0207541
"188",2,306660.3326,4994410.9546,0.105212,0.0900584,0.2423918,0.3205254,0.5615739,177.3076019,0.0051809,0.0673983,0.0531939,0.141906,0.1836369,0.5615739,177.3076019,0.0054461
"189",2,306742.8849,4994431.5944,0.0783757,0.0647422,0.1604966,0.1930628,0.5393066,178.6140747,0.0006824,0.0223516,0.0137795,0.0162692,0.0221386,0.5393066,178.6140747,0.0045158
"190",3,306757.8587,4994515.4849,0.0604095,0.0344733,0.1345164,0.1719689,0.7088093,178.8238831,0.0008132,0.0611018,0.0350527,0.1133085,0.1714128,0.7088093,178.8238831,0.0021439
"191",2,306930.2432,4994540.5216,0.0859098,0.0828666,0.1927241,0.2594348,0.4904687,179.4875641,0.0193462,0.0899978,0.0823909,0.1918848,0.2423438,0.4904687,179.4875641,0.0067739
"192",3,306897.6737,4994454.9016,0.0307159,0.0171351,0.0595199,0.0649575,0.5310868,178.9864197,0.0015613,0.0186943,0.0084658,0.0146396,0.0180728,0.5310868,178.9864197,0.0027414
"193",2,306901.5845,4994500.2676,0.1150606,0.1122571,0.2876149,0.3294494,0.5406443,179.0093536,0.0025982,0.1226095,0.1033354,0.2997268,0.3471181,0.5406443,179.0093536,0.003423
"194",2,306820.8499,4994447.0417,0.0922167,0.0720305,0.1866688,0.2223828,0.510716,179.0875092,0.0054894,0.0955618,0.0682888,0.1944056,0.2372973,0.510716,179.0875092,0.0106912
"195",4,306767.1011,4994524.2532,0.0717079,0.0439476,0.1826283,0.3033374,0.7332171,179.2156067,0.0191952,0.0589662,0.0379008,0.162151,0.2640431,0.7332171,179.2156067,0.0008224
"196",1,306657.4703,4994429.1949,0.1118091,0.0629061,0.2257225,0.27935,0.6921403,177.4521637,0.0025064,0.0750225,0.0483287,0.1599554,0.2116762,0.6921403,177.4521637,0.0080773
"197",4,306755.9364,4994527.9996,0.061254,0.0373257,0.1942821,0.3054465,0.7730744,179.2163391,0.0563135,0.0543386,0.0357512,0.1439438,0.216754,0.7730744,179.2163391,0.0106152
"198",4,306715.7572,4994514.9087,0.0703488,0.0456495,0.196312,0.2549173,0.7551969,178.2390594,0.0048889,0.0882731,0.0602585,0.2374343,0.2832869,0.7551969,178.2390594,0.01555
"199",2,306819.4726,4994541.3817,0.0967858,0.0778617,0.2184577,0.3027547,0.6594126,179.0920105,0.0032532,0.1146118,0.0739992,0.296152,0.3802399,0.6594126,179.0920105,0.0132184
"200",1,306848.7647,4994532.5996,0.0852407,0.0520516,0.2549397,0.3470156,0.778999,179.1599426,0.0028482,0.1049459,0.0873857,0.2531176,0.3063907,0.778999,179.1599426,0.0101762
"201",1,306814.0878,4994452.7941,0.0718473,0.0499461,0.148058,0.1919827,0.5786977,179.2574158,0.0222548,0.0991466,0.0613929,0.2262471,0.296443,0.5786977,179.2574158,0.0054649
"202",1,306844.5242,4994481.3283,0.0743612,0.0409949,0.2233512,0.3256011,0.7788389,179.3773041,0.0162524,0.0734522,0.0486442,0.1800461,0.253023,0.7788389,179.3773041,0.0069805
"203",2,307013.3385,4994485.701,0.1074907,0.0987768,0.2468842,0.2781963,0.4099116,178.3585815,0.0042135,0.0173119,0.0122761,0.0166511,0.0171688,0.4099116,178.3585815,0.0346095
"204",2,306670.1342,4994424.2855,0.0896304,0.0665262,0.1364666,0.1621996,0.4839729,177.5789948,0.005965,0.0364276,0.0181494,0.0534488,0.0582875,0.4839729,177.5789948,0.0020281
"205",4,306876.6216,4994553.583,0.0500286,0.0251995,0.1775917,0.3293079,0.8399498,179.9194794,0.0317502,0.0550099,0.0370723,0.1474568,0.2441097,0.8399498,179.9194794,0.0386697
"206",4,306722.0222,4994479.9803,0.0485008,0.0374935,0.1318387,0.2013191,0.7243673,179.0693817,0.0162726,0.0492378,0.0352995,0.1147429,0.172229,0.7243673,179.0693817,0.0032828
"207",2,306941.1023,4994498.8109,0.1154673,0.1036836,0.2581184,0.2968124,0.4866364,178.9086914,0.0025672,0.0807278,0.0661291,0.1939247,0.2209976,0.4866364,178.9086914,0.0012091
"208",2,306664.7779,4994435.8212,0.070019,0.0565015,0.1546167,0.2032616,0.4955061,177.5765991,0.0044855,0.1218894,0.0667347,0.2404259,0.3126106,0.4955061,177.5765991,0.002009
"209",1,306821.018,4994443.6549,0.1004532,0.063225,0.2124964,0.2446254,0.5056296,179.0511322,0.0015777,0.0240699,0.0147948,0.0264957,0.0311876,0.5056296,179.0511322,0.0019351
"210",2,306797.8492,4994443.8273,0.0881967,0.0737841,0.158907,0.1879115,0.4437214,179.0167999,0.0020112,0.0584687,0.0428687,0.1010926,0.1443827,0.4437214,179.0167999,0.003846
"211",2,306700.9642,4994511.0012,0.0903343,0.0885363,0.2170167,0.264476,0.5223909,177.9428406,0.0032134,0.0984218,0.0828216,0.2190406,0.2641159,0.5223909,177.9428406,0.0085253
"212",1,306925.09,4994546.2881,0.0941481,0.0521682,0.3407757,0.4458041,0.8391139,179.4008026,0.0090117,0.0970028,0.0800015,0.2401614,0.3220719,0.8391139,179.4008026,0.0219638
"213",1,306696.7001,4994492.0189,0.1026079,0.0514367,0.234081,0.2901019,0.7477079,177.8576355,0.0039052,0.0894698,0.0559393,0.177651,0.2444642,0.7477079,177.8576355,0.0005127
"214",2,306754.2348,4994441.3857,0.0972841,0.0803289,0.1959107,0.238084,0.3976358,178.6756134,0.0056416,0.038076,0.0257276,0.0702782,0.0813016,0.3976358,178.6756134,0.007121
"215",4,306763.2605,4994535.25,0.0590556,0.0472021,0.1552167,0.2297317,0.6762471,179.7276001,0.0201761,0.0581429,0.0459616,0.1240569,0.1735702,0.6762471,179.7276001,0.0033383
"216",4,306651.4875,4994470.4793,0.0612155,0.0412685,0.1421291,0.2362559,0.6815946,178.1685638,0.0027348,0.0669522,0.0388083,0.1436393,0.2250783,0.6815946,178.1685638,0.0103109
"217",4,306893.0405,4994550.3096,0.0573166,0.039013,0.1464291,0.2355761,0.7218935,179.6768341,0.0326745,0.0674073,0.0549132,0.1441262,0.2069701,0.7218935,179.6768341,0.0162021
"218",4,306688.1737,4994473.6479,0.0500454,0.0323288,0.1449224,0.2237548,0.7286589,178.1286926,0.0041319,0.0793477,0.0527601,0.2060891,0.2716353,0.7286589,178.1286926,0.0188431
"219",4,306732.0344,4994461.2401,0.0810395,0.0495582,0.2245238,0.2921742,0.6954789,179.9760437,0.0429593,0.0906878,0.0617929,0.2578512,0.3426881,0.6954789,179.9760437,0.0285896
"220",4,306818.4962,4994504.9268,0.0479628,0.0330119,0.1506998,0.2612016,0.7849877,179.7663422,0.0033788,0.0548266,0.043204,0.131515,0.1998374,0.7849877,179.7663422,0.0175801
"221",4,306860.1681,4994515.4317,0.0726868,0.0465733,0.2057649,0.2888083,0.7034567,179.2089233,0.0024129,0.1053476,0.0779585,0.2197466,0.2969785,0.7034567,179.2089233,0.002354
"222",3,306855.761,4994493.9063,0.0483613,0.032091,0.0722795,0.0813673,0.4554911,178.9215088,0.0117529,0.028347,0.0202832,0.0267552,0.0320495,0.4554911,178.9215088,0.0074444
"223",2,306927.8022,4994546.077,0.1068364,0.0885651,0.3001001,0.3993359,0.8243343,179.4614563,0.017752,0.1077012,0.1020905,0.2642691,0.3172434,0.8243343,179.4614563,0.0123192
"225",4,306829.0514,4994489.0911,0.0826435,0.0424248,0.3225429,0.4488481,0.8256397,181.9070129,0.1593791,0.0808847,0.0372559,0.2569421,0.3770596,0.8256397,181.9070129,0.0565601
"226",1,306690.3498,4994488.419,0.1266847,0.066794,0.311208,0.400233,0.6920868,177.6945801,0.0001352,0.0894644,0.060183,0.2010533,0.2384929,0.6920868,177.6945801,0.0038976
"227",1,306688.85,4994424.3599,0.0701056,0.0464422,0.1648616,0.1917122,0.5253156,177.8235474,4.39e-05,0.0432012,0.0311628,0.0787345,0.0954883,0.5253156,177.8235474,0.0062113
"228",3,306849.1948,4994415.7934,0.0258229,0.0152613,0.0497502,0.0514388,0.5738223,179.1013031,0.0162217,0.0130034,0.0024351,0.0128247,0.016816,0.5738223,179.1013031,0.1185921
"229",1,306709.7555,4994507.502,0.1117245,0.052245,0.2538657,0.3084224,0.7025837,178.0895996,0.0017491,0.0412077,0.0336664,0.0408853,0.0598904,0.7025837,178.0895996,0.0070321
"230",1,306957.7655,4994524.8651,0.0871057,0.0502844,0.3393776,0.467611,0.7295509,179.2443542,0.0142028,0.1009119,0.0648853,0.3252239,0.4706291,0.7295509,179.2443542,0.0029596
"231",4,306659.458,4994459.9785,0.0557683,0.0410156,0.1181058,0.2102963,0.6523387,177.9681549,0.006553,0.0684067,0.0467306,0.1438818,0.2301453,0.6523387,177.9681549,0.0155134
"232",4,306789.8019,4994500.6743,0.0550363,0.0473191,0.1485247,0.24432,0.6914258,179.7662964,0.0204533,0.0463291,0.0356601,0.1091867,0.1828791,0.6914258,179.7662964,0.0195434
"233",4,306833.1777,4994460.1541,0.0782515,0.0439648,0.2600115,0.3331537,0.7347685,179.1456604,0.0147058,0.0959921,0.0636528,0.2647389,0.3374008,0.7347685,179.1456604,0.0020295
"234",2,306706.9822,4994414.2053,0.1004362,0.0828998,0.2167511,0.2427903,0.4946887,177.9721527,0.0031199,0.0479812,0.0351205,0.0938416,0.1180142,0.4946887,177.9721527,0.0161907
"236",1,306923.6326,4994533.6355,0.1205195,0.0689505,0.3182085,0.4448934,0.7638646,179.1458893,0.0021851,0.139218,0.0848037,0.3912679,0.5144746,0.7638646,179.1458893,0.0135243
"237",2,306715.0169,4994422.6331,0.0889432,0.074504,0.1916572,0.2259424,0.4757035,178.2229309,0.0080339,0.0546495,0.0406847,0.1150567,0.1490952,0.4757035,178.2229309,0.0044197
"238",4,306848.9521,4994558.7719,0.0669021,0.0446878,0.1897919,0.2867831,0.8100736,179.6162109,0.0142944,0.0835088,0.0492099,0.24635,0.335413,0.8100736,179.6162109,0.0003488
"239",4,306772.8927,4994492.6582,0.0615072,0.052167,0.1488233,0.2235286,0.6296179,179.5056763,0.0026859,0.0644745,0.0592093,0.1326984,0.1821314,0.6296179,179.5056763,0.0094361
"240",4,306971.1575,4994522.2479,0.0875469,0.0495502,0.2933909,0.3888794,0.8678004,179.167572,0.0027198,0.1093653,0.0720057,0.2850498,0.3764995,0.8678004,179.167572,0.0331703
"241",2,306829.187,4994424.7085,0.0577508,0.0522838,0.1151426,0.1352917,0.4152048,178.8412781,0.0120935,0.0806713,0.0548826,0.1592694,0.1927037,0.4152048,178.8412781,0.0035302
"242",1,306695.4698,4994479.8243,0.0893534,0.0540706,0.2035554,0.2681801,0.609665,177.9656677,0.0060921,0.1026693,0.0822318,0.2568942,0.323816,0.609665,177.9656677,0.0171661
"243",4,306698.9823,4994477.5632,0.0435218,0.0254336,0.1138413,0.1839538,0.7111121,178.4762268,0.0137489,0.0558335,0.035889,0.1407007,0.2225604,0.7111121,178.4762268,0.0012796
"244",2,306724.3565,4994460.0181,0.098364,0.066119,0.2777718,0.366007,0.598873,178.4863892,0.0210834,0.15696,0.1203201,0.3690748,0.4334299,0.598873,178.4863892,0.0112592
"245",3,306856.0682,4994416.6322,0.0206221,0.0084147,0.0287317,0.0363719,0.5450047,178.9841461,0.0160496,0.0133026,0.0038034,0.014954,0.0188831,0.5450047,178.9841461,0.0381119
"246",4,306793.9064,4994541.6488,0.0571401,0.0452073,0.1423765,0.2265039,0.6961845,179.8154907,0.0397988,0.0482967,0.0348323,0.1140657,0.1834307,0.6961845,179.8154907,0.031074
"247",1,306639.0299,4994495.8091,0.0917605,0.0627901,0.1703227,0.2476941,0.6718973,177.4316101,0.0076151,0.1108689,0.0669964,0.2307796,0.3475363,0.6718973,177.4316101,0.020619
"248",1,306799.8104,4994452.5,0.089435,0.0581729,0.2270704,0.2935032,0.6777427,179.1480713,0.0008515,0.1001748,0.0692163,0.225226,0.2996478,0.6777427,179.1480713,0.0039124
"249",4,306861.5498,4994529.7907,0.054757,0.0311711,0.1893186,0.3156344,0.8323197,179.2427826,0.0115662,0.0923215,0.0588739,0.2396276,0.3654933,0.8323197,179.2427826,0.0076223
"250",2,306743.7346,4994456.0403,0.1234267,0.113199,0.3392937,0.4212003,0.5630178,178.5617218,0.0053964,0.1159764,0.0950866,0.2748146,0.3411949,0.5630178,178.5617218,0.0038353
"251",4,306660.2563,4994464.364,0.0511494,0.0370145,0.1035809,0.1963188,0.6578494,178.202652,0.0069811,0.057786,0.0388415,0.1122945,0.1754104,0.6578494,178.202652,0.0309218
"252",4,306862.313,4994515.296,0.0717196,0.0436983,0.2124133,0.3027707,0.7345378,179.188736,0.0089666,0.1424828,0.105586,0.3207835,0.4108362,0.7345378,179.188736,0.0092443
"253",2,306890.0049,4994524.4768,0.0953548,0.0895644,0.253202,0.2952698,0.5388666,179.0505829,0.0040921,0.1024936,0.0921741,0.2737707,0.3478366,0.5388666,179.0505829,0.0072064
"254",1,306753.1102,4994516.8617,0.0781148,0.0505289,0.2122788,0.3127809,0.7184827,178.859375,0.0048792,0.0791999,0.057664,0.180858,0.2533845,0.7184827,178.859375,0.004595
"255",2,306790.9653,4994411.0405,0.0991478,0.0949371,0.2342865,0.2846667,0.5170033,178.9118958,0.046281,0.142403,0.1082315,0.2949805,0.3606803,0.5170033,178.9118958,0.0514093
"256",2,306694.1568,4994420.0641,0.0834324,0.0713848,0.1505353,0.1886335,0.4316635,177.6863861,0.005712,0.0249361,0.0180713,0.0241736,0.0240888,0.4316635,177.6863861,0.0151402
"257",1,306881.6847,4994515.6911,0.1166559,0.0718241,0.3142192,0.4261718,0.7237616,179.2969971,0.007434,0.1653312,0.1093784,0.4343724,0.535403,0.7237616,179.2969971,0.0066253
"258",1,306948.1026,4994523.855,0.0835164,0.056306,0.2204913,0.2353639,0.5456978,178.8328247,0.0071336,0.0326851,0.019089,0.0440382,0.0685639,0.5456978,178.8328247,0.0042393
"259",4,306913.9206,4994543.6661,0.0549813,0.0348439,0.170394,0.2675646,0.7673707,179.6853943,0.0048079,0.0597367,0.0500897,0.1633032,0.2453178,0.7673707,179.6853943,0.0204759
"260",2,306683.7066,4994488.1814,0.0590044,0.0387625,0.1248886,0.1797894,0.784761,177.9685516,0.0116317,0.0639226,0.0420159,0.135567,0.1820417,0.784761,177.9685516,0.03809
"261",2,306825.0168,4994434.3543,0.0595242,0.0491611,0.0882901,0.1017886,0.3790052,179.0948029,0.0031469,0.0272069,0.016321,0.0321794,0.0441855,0.3790052,179.0948029,0.003747
"262",3,306841.2587,4994527.3117,0.0483335,0.0297168,0.0652644,0.0745155,0.4342935,179.1201019,0.0165294,0.0491121,0.0284511,0.1082052,0.1192759,0.4342935,179.1201019,0.0017658
"263",3,306888.2312,4994471.8139,0.0360487,0.0230537,0.0468514,0.0645228,0.5228089,179.0965118,0.0007732,0.0204868,0.0094026,0.0196841,0.0242624,0.5228089,179.0965118,0.012864
"264",4,306916.1554,4994541.9068,0.0565891,0.0336328,0.2001348,0.3551052,0.8333654,179.5713654,0.0207341,0.062862,0.0438079,0.1970262,0.2912752,0.8333654,179.5713654,0.0061208
"265",4,306650.3636,4994452.6929,0.0601159,0.0432374,0.1381067,0.2459004,0.7152591,178.1081696,0.0183394,0.0600643,0.041451,0.1187254,0.1956362,0.7152591,178.1081696,0.0373024
"266",2,306697.5137,4994420.1397,0.0835672,0.0640003,0.1523031,0.1799758,0.4281228,177.9018707,0.0085721,0.0312423,0.0225643,0.0524256,0.0567782,0.4281228,177.9018707,0.0144554
"267",3,306907.1253,4994480.5863,0.0383242,0.0241741,0.0757618,0.0897572,0.5501792,179.1493835,0.0047144,0.0197732,0.008676,0.025308,0.0277394,0.5501792,179.1493835,0.0215259
"268",2,306868.1684,4994441.1639,0.116016,0.1159763,0.2656552,0.321403,0.4585316,179.0449219,0.0056928,0.0220094,0.010863,0.0256173,0.0283831,0.4585316,179.0449219,0.0044491
"269",4,306735.644,4994481.4012,0.0543005,0.0474661,0.1516033,0.2408984,0.7150672,179.2759399,0.005304,0.0490588,0.0371715,0.1331835,0.2215945,0.7150672,179.2759399,0.0005622
"270",1,306872.1304,4994516.2218,0.093751,0.0517404,0.2969249,0.4090501,0.7397119,179.3351135,0.006285,0.1208531,0.0823144,0.3166461,0.4131302,0.7397119,179.3351135,0.0014362
"271",2,306674.2261,4994386.591,0.0650602,0.0581056,0.1661333,0.2001333,0.5363637,177.6467285,0.0083294,0.0440385,0.0315726,0.1006488,0.1311492,0.5363637,177.6467285,0.0052577
"272",2,306718.4274,4994454.0009,0.08859,0.0747071,0.2326061,0.2714303,0.6789884,178.2430267,0.0003954,0.0996628,0.0738505,0.2615602,0.3074052,0.6789884,178.2430267,0.0213998
"273",2,306933.0617,4994529.0136,0.1180326,0.0734672,0.2892467,0.375463,0.7169448,179.0313721,0.0041496,0.157053,0.1020931,0.3966539,0.5201315,0.7169448,179.0313721,0.0029401
"274",4,306903.3297,4994544.4297,0.0494779,0.0305275,0.1517798,0.2508323,0.7844082,179.7626495,0.0124909,0.0854379,0.052644,0.219175,0.2830588,0.7844082,179.7626495,0.0118066
"275",1,306700.0571,4994493.2838,0.1022784,0.0603428,0.2191966,0.2797925,0.6834508,177.9557343,0.009663,0.0722599,0.0497334,0.1608451,0.1990434,0.6834508,177.9557343,0.0045232
"276",2,306899.810899647,4994522.01676515,0.053582,0.0370734,0.0763374,0.0938244,0.5517493,179.0608063,0.0038401,0.0417678,0.0257654,0.0777619,0.0834523,0.5517493,179.0608063,0.004667
"277",3,306866.758279586,4994518.94999406,0.0855299,0.0541683,0.2424329,0.3237551,0.7361056,179.1641846,0.0006616,0.1296633,0.0816477,0.3316499,0.44806,0.7361056,179.1641846,0.0038483
"278",3,306750.005750081,4994515.34850395,0.0723913,0.0505713,0.2131154,0.3281808,0.7544281,178.9408112,0.0074903,0.0730493,0.0420565,0.2007308,0.3149909,0.7544281,178.9408112,0.0084974
"279",1,306748.659049768,4994498.26373963,0.1286563,0.0639424,0.3538752,0.4395525,0.7282442,178.4674377,0.0310162,0.1211963,0.0655924,0.2957056,0.3675785,0.7282442,178.4674377,0.0128712
"280",3,306752.977542689,4994495.86655323,0.052624,0.034871,0.1584033,0.2743763,0.7818137,178.9472961,0.0127015,0.0633613,0.0378956,0.1620968,0.2709099,0.7818137,178.9472961,0.0005066
"283",2,306787.000822915,4994520.57330446,0.0580237,0.0324815,0.119735,0.1418068,0.6188567,178.6707001,0.00049,0.0264851,0.0142527,0.0309588,0.0353987,0.6188567,178.6707001,0.0026321
"284",1,306789.707557543,4994535.28288709,0.0473456,0.0269034,0.1046166,0.1939017,0.7112171,179.505127,0.0118245,0.0644988,0.0412874,0.1953924,0.3206719,0.7112171,179.505127,0.0147043
"286",1,306810.874364402,4994540.26556086,0.1372621,0.0852753,0.3641044,0.4902087,0.6972404,179.3898315,0.0129555,0.1496506,0.0984561,0.3587767,0.46176,0.6972404,179.3898315,0.0053573
"287",2,306838.237381016,4994547.53759691,0.0606456,0.0360812,0.1978855,0.3015352,0.8052491,179.5491943,0.0079134,0.0552106,0.0323604,0.152174,0.2245375,0.8052491,179.5491943,0.0358145
"289",1,306834.776733516,4994542.81915354,0.105573,0.0547374,0.3145609,0.4110123,0.769154,179.1104889,0.0134574,0.0705648,0.0506338,0.1670666,0.210494,0.769154,179.1104889,0.0004612
"290",2,306871.235025729,4994475.34294254,0.0486583,0.0294269,0.064176,0.0709627,0.5156116,179.0520477,0.0043976,0.0250374,0.0119466,0.0241917,0.0286719,0.5156116,179.0520477,0.0058682
"292",1,306884.948004312,4994506.43395038,0.1452114,0.1315643,0.3943925,0.4771563,0.5681294,178.9865265,0.0127801,0.1725028,0.1410039,0.4407589,0.5061318,0.5681294,178.9865265,0.0024722
"295",3,306866.075039898,4994547.08758617,0.0560633,0.0449759,0.1468645,0.2213444,0.6411763,179.9606323,0.015919,0.0617986,0.0589322,0.1170363,0.169398,0.6411763,179.9606323,0.0059974
"1100",3,306822.5585,4994531.705,0.1076443,0.0691251,0.2799541,0.3419455,0.6525617,178.9212036,0.0013594,0.0461002,0.0284664,0.0958529,0.1144421,0.6525617,178.9212036,0.0051281
"310",3,306796.4386,4994447.7912,0.0940484,0.0822108,0.1944757,0.2328336,0.4713616,179.0319519,0.0025828,0.0659325,0.0488977,0.1538266,0.1944634,0.4713616,179.0319519,0.0041215
"510",3,306942.2448,4994494.9127,0.0483316,0.0330444,0.063817,0.081327,0.4968632,178.9592743,0.001362,0.0304004,0.0182974,0.0553137,0.0630513,0.4968632,178.9592743,0.0070917
"910",3,306904.366,4994490.3306,0.0421862,0.0302488,0.0714631,0.0688593,0.3618971,179.0732727,0.0038023,0.0237524,0.0118296,0.0229116,0.0304902,0.3618971,179.0732727,0.0018032
"1010",3,306929.547,4994525.2688,0.1179167,0.1111954,0.3003703,0.3638664,0.5509362,178.9988708,0.0094002,0.0681815,0.0520518,0.1561456,0.1943893,0.5509362,178.9988708,0.0085593
"1210",3,306865.7094,4994463.53,0.0479185,0.0379414,0.1034263,0.1203719,0.5221516,179.1513824,0.0008208,0.0256446,0.0136932,0.0297869,0.0370242,0.5221516,179.1513824,0.0001976
"1310",3,306772.8071,4994446.3847,0.056202,0.0466555,0.1013536,0.1046314,0.2289727,178.6925659,0.00295,0.0326157,0.0207976,0.0498193,0.060865,0.2289727,178.6925659,0.0223749
"1410",3,306896.4651,4994489.7199,0.0949987,0.0806509,0.2161497,0.2538436,0.6460848,179.0106812,0.0021529,0.0392083,0.0253948,0.0654951,0.086621,0.6460848,179.0106812,0.0027011
"1610",3,306778.3977,4994449.8372,0.0829121,0.0722756,0.159415,0.1934947,0.4160423,178.8293762,0.0012528,0.1080125,0.0812246,0.2439166,0.2886979,0.4160423,178.8293762,0.0031478
"1710",3,306847.2997,4994492.8207,0.1350488,0.0827475,0.3129244,0.3729511,0.6525997,179.0245056,0.0032659,0.0572595,0.0461666,0.1120153,0.1346156,0.6525997,179.0245056,0.0012705
"2010",3,306713.984,4994506.6445,0.1292388,0.0562176,0.3668711,0.4451243,0.7321395,178.0916443,0.0014656,0.0955058,0.0566496,0.20841,0.2814568,0.7321395,178.0916443,0.0038188
"2410",3,306844.961,4994519.4695,0.0579956,0.0370426,0.145132,0.1702812,0.6642019,179.0850372,0.0050016,0.058041,0.0305152,0.1221322,0.1428739,0.6642019,179.0850372,0.0009401
"2510",3,306842.2415,4994471.5587,0.0784121,0.0617213,0.2053731,0.2521381,0.6059765,179.4119263,0.0202901,0.0775772,0.0627117,0.201451,0.2373613,0.6059765,179.4119263,0.0099127
"2610",3,306870.4938,4994448.6434,0.0860289,0.0806775,0.1824067,0.2308252,0.5534116,179.0531921,0.0016995,0.0400693,0.0255209,0.0677918,0.0848308,0.5534116,179.0531921,0.0036802
"301",3,306834.3673,4994509.6313,0.1065712,0.105102,0.2440103,0.3058927,0.5101553,179.0177612,0.0030339,0.0551316,0.0426399,0.1204297,0.148943,0.5101553,179.0177612,0.0004466
"341",3,306855.8345,4994468.1557,0.0575407,0.0315247,0.1233649,0.1405608,0.5924362,179.1009369,0.0017078,0.0488129,0.024465,0.0774708,0.0919609,0.5924362,179.1009369,0.0010142
"401",3,306762.9913,4994448.8953,0.1129551,0.0919314,0.2263982,0.2790282,0.51849,178.6959839,0.0010955,0.0653305,0.0434921,0.1595053,0.1716007,0.51849,178.6959839,0.0074029
"411",3,306898.7181,4994475.3906,0.0283154,0.0158681,0.046936,0.0576095,0.5227913,179.0973358,0.000894,0.0190433,0.0082948,0.0164934,0.0190692,0.5227913,179.0973358,0.0128192
"421",3,306853.3552,4994496.6808,0.0471319,0.0301178,0.0610219,0.0712903,0.3384471,179.0954742,0.0069079,0.0415598,0.023139,0.0616708,0.0706756,0.3384471,179.0954742,0.0082606
"441",3,306927.0631,4994534.7845,0.0645482,0.0388455,0.1948582,0.3097736,0.7986065,179.6250458,0.0032083,0.0741083,0.0449601,0.2228111,0.3220437,0.7986065,179.6250458,0.0063216
"461",3,306812.3447,4994537.9358,0.0977664,0.0613705,0.2614836,0.351024,0.7571032,178.9424896,0.0071087,0.0928931,0.0693543,0.2380625,0.306842,0.7571032,178.9424896,0.0105497
"471",3,306809.1541,4994440.0538,0.0785386,0.063921,0.133584,0.1713886,0.4684801,179.064743,0.0047171,0.0309181,0.0174933,0.0323129,0.0526888,0.4684801,179.064743,0.0009422
"541",3,306697.4136,4994424.7374,0.0989214,0.0574427,0.2338208,0.2683177,0.6539761,177.9261475,0.0011998,0.0501986,0.0313655,0.0991023,0.1027959,0.6539761,177.9261475,0
"551",3,306916.4652,4994480.2517,0.0319767,0.0193541,0.0594067,0.0678261,0.5902629,179.0512238,0.0026711,0.0194879,0.0088246,0.017219,0.0192485,0.5902629,179.0512238,0.0188509
"561",3,306901.0321,4994482.3224,0.0283037,0.0164842,0.0535365,0.064221,0.6072254,179.0459595,0.0009002,0.019608,0.0090556,0.0207539,0.0230065,0.6072254,179.0459595,0.0272507
"571",3,306920.9071,4994488.5298,0.032454,0.018805,0.0505482,0.061138,0.5052894,179.0046844,0.0041794,0.0209268,0.0103249,0.0188885,0.0212152,0.5052894,179.0046844,0.0458242
"581",3,306954.9169,4994470.8757,0.0274027,0.0134383,0.0461413,0.0718587,0.6980429,178.7145538,0.008259,0.0280264,0.0129921,0.0996184,0.1571053,0.6980429,178.7145538,0.2338548
"591",3,306677.3441,4994377.645,0.0305981,0.0206302,0.0516658,0.0636136,0.3999185,177.7069092,0.0160768,0.0498107,0.030161,0.1005088,0.1130705,0.3999185,177.7069092,0.0300622
"601",3,306674.8882,4994371.3006,0.0303384,0.0201437,0.0509098,0.0603776,0.3858534,177.5118561,0.0072569,0.0254929,0.0110842,0.0242325,0.0346887,0.3858534,177.5118561,0.0078782
"611",3,306675.968,4994417.0848,0.0397595,0.0229167,0.0638552,0.0709082,0.6107551,177.6008301,0.0026514,0.0432153,0.0202971,0.0562574,0.0608384,0.6107551,177.6008301,0.0137769
"621",3,306670.4458,4994494.2725,0.0366601,0.0237541,0.0532339,0.080209,0.2489866,178.0595703,0.0456453,0.0349818,0.0216164,0.0433448,0.0626865,0.2489866,178.0595703,0.0046427
"631",3,306736.0163,4994507.1004,0.0299339,0.0202231,0.0242088,0.0313421,0.3010603,178.1813507,0.0051488,0.0286832,0.0216592,0.0284251,0.0337745,0.3010603,178.1813507,0.0134413
"641",3,306829.1162,4994517.3473,0.0365498,0.0233731,0.055474,0.0693329,0.4924455,178.9992828,0.0052175,0.0245592,0.0151989,0.0260606,0.031449,0.4924455,178.9992828,0.0124254
"651",3,306842.0712,4994507.686,0.0418806,0.0274473,0.078058,0.0916096,0.5529735,179.1280823,0.0027325,0.0430701,0.0261125,0.0964088,0.1131304,0.5529735,179.1280823,0.0071281
"671",3,306995.044,4994461.5453,0.0330633,0.0219982,0.0454191,0.0588388,0.3165632,178.3552399,0.0106407,0.0232846,0.0129359,0.0286133,0.0386809,0.3165632,178.3552399,0.009467
